,tradeMonth,tradeYear,averageTransactionCount,securitySubtype,tradeReportDate,productType
0,12,2022,48684,,2023-01-01,MBS
1,12,2022,138439,GD,2023-01-01,TBA
2,12,2022,28388,NGD,2023-01-01,TBA
3,12,2022,19354,,2023-01-01,ABS
4,11,2022,53491,,2023-01-01,MBS
5,11,2022,142561,GD,2023-01-01,TBA
6,11,2022,34353,NGD,2023-01-01,TBA
7,11,2022,24243,,2023-01-01,ABS
8,10,2022,48887,,2023-01-01,MBS
9,10,2022,135656,GD,2023-01-01,TBA
10,10,2022,35280,NGD,2023-01-01,TBA
11,10,2022,38758,,2023-01-01,ABS
12,9,2022,48312,,2023-01-01,MBS
13,9,2022,132621,GD,2023-01-01,TBA
14,9,2022,35627,NGD,2023-01-01,TBA
15,9,2022,41169,,2023-01-01,ABS
16,8,2022,49489,,2023-01-01,MBS
17,8,2022,136806,GD,2023-01-01,TBA
18,8,2022,36320,NGD,2023-01-01,TBA
19,8,2022,32120,,2023-01-01,ABS
20,7,2022,47322,,2023-01-01,MBS
21,7,2022,137978,GD,2023-01-01,TBA
22,7,2022,31528,NGD,2023-01-01,TBA
23,7,2022,19845,,2023-01-01,ABS
24,6,2022,48704,,2023-01-01,MBS
25,6,2022,133813,GD,2023-01-01,TBA
26,6,2022,31929,NGD,2023-01-01,TBA
27,6,2022,22008,,2023-01-01,ABS
28,5,2022,54990,,2023-01-01,MBS
29,5,2022,129759,GD,2023-01-01,TBA
30,5,2022,39699,NGD,2023-01-01,TBA
31,5,2022,23918,,2023-01-01,ABS
32,4,2022,49438,,2023-01-01,MBS
33,4,2022,128088,GD,2023-01-01,TBA
34,4,2022,32992,NGD,2023-01-01,TBA
35,4,2022,32296,,2023-01-01,ABS
36,3,2022,47571,,2023-01-01,MBS
37,3,2022,134267,GD,2023-01-01,TBA
38,3,2022,34227,NGD,2023-01-01,TBA
39,3,2022,25543,,2023-01-01,ABS
40,2,2022,51015,,2023-01-01,MBS
41,2,2022,136909,GD,2023-01-01,TBA
42,2,2022,29203,NGD,2023-01-01,TBA
43,2,2022,23776,,2023-01-01,ABS
44,1,2022,51928,,2023-01-01,MBS
45,1,2022,138917,GD,2023-01-01,TBA
46,1,2022,33761,NGD,2023-01-01,TBA
47,1,2022,25658,,2023-01-01,ABS
48,1,2023,49686,,2023-02-01,MBS
49,1,2023,146331,GD,2023-02-01,TBA
50,1,2023,34480,NGD,2023-02-01,TBA
51,1,2023,21619,,2023-02-01,ABS
52,12,2022,48688,,2023-02-01,MBS
53,12,2022,138416,GD,2023-02-01,TBA
54,12,2022,28414,NGD,2023-02-01,TBA
55,12,2022,19370,,2023-02-01,ABS
56,11,2022,53491,,2023-02-01,MBS
57,11,2022,142572,GD,2023-02-01,TBA
58,11,2022,34202,NGD,2023-02-01,TBA
59,11,2022,24243,,2023-02-01,ABS
60,10,2022,48887,,2023-02-01,MBS
61,10,2022,135648,GD,2023-02-01,TBA
62,10,2022,35280,NGD,2023-02-01,TBA
63,10,2022,38758,,2023-02-01,ABS
64,9,2022,48312,,2023-02-01,MBS
65,9,2022,132621,GD,2023-02-01,TBA
66,9,2022,35627,NGD,2023-02-01,TBA
67,9,2022,41169,,2023-02-01,ABS
68,8,2022,49489,,2023-02-01,MBS
69,8,2022,136806,GD,2023-02-01,TBA
70,8,2022,36320,NGD,2023-02-01,TBA
71,8,2022,32120,,2023-02-01,ABS
72,7,2022,47320,,2023-02-01,MBS
73,7,2022,137978,GD,2023-02-01,TBA
74,7,2022,31528,NGD,2023-02-01,TBA
75,7,2022,19845,,2023-02-01,ABS
76,6,2022,48704,,2023-02-01,MBS
77,6,2022,133813,GD,2023-02-01,TBA
78,6,2022,32007,NGD,2023-02-01,TBA
79,6,2022,22008,,2023-02-01,ABS
80,5,2022,54990,,2023-02-01,MBS
81,5,2022,129759,GD,2023-02-01,TBA
82,5,2022,39698,NGD,2023-02-01,TBA
83,5,2022,23918,,2023-02-01,ABS
84,4,2022,49438,,2023-02-01,MBS
85,4,2022,128088,GD,2023-02-01,TBA
86,4,2022,32986,NGD,2023-02-01,TBA
87,4,2022,32296,,2023-02-01,ABS
88,3,2022,47571,,2023-02-01,MBS
89,3,2022,134267,GD,2023-02-01,TBA
90,3,2022,34227,NGD,2023-02-01,TBA
91,3,2022,25543,,2023-02-01,ABS
92,2,2022,51015,,2023-02-01,MBS
93,2,2022,136909,GD,2023-02-01,TBA
94,2,2022,29203,NGD,2023-02-01,TBA
95,2,2022,23776,,2023-02-01,ABS
96,2,2023,51282,,2023-03-01,MBS
97,2,2023,141510,GD,2023-03-01,TBA
98,2,2023,30779,NGD,2023-03-01,TBA
99,2,2023,27044,,2023-03-01,ABS
100,1,2023,49726,,2023-03-01,MBS
101,1,2023,146361,GD,2023-03-01,TBA
102,1,2023,31989,NGD,2023-03-01,TBA
103,1,2023,21619,,2023-03-01,ABS
104,12,2022,48688,,2023-03-01,MBS
105,12,2022,138416,GD,2023-03-01,TBA
106,12,2022,28533,NGD,2023-03-01,TBA
107,12,2022,19370,,2023-03-01,ABS
108,11,2022,53491,,2023-03-01,MBS
109,11,2022,142572,GD,2023-03-01,TBA
110,11,2022,34257,NGD,2023-03-01,TBA
111,11,2022,24243,,2023-03-01,ABS
112,10,2022,48887,,2023-03-01,MBS
113,10,2022,135648,GD,2023-03-01,TBA
114,10,2022,35280,NGD,2023-03-01,TBA
115,10,2022,38758,,2023-03-01,ABS
116,9,2022,48312,,2023-03-01,MBS
117,9,2022,132621,GD,2023-03-01,TBA
118,9,2022,35627,NGD,2023-03-01,TBA
119,9,2022,41169,,2023-03-01,ABS
120,8,2022,49489,,2023-03-01,MBS
121,8,2022,136806,GD,2023-03-01,TBA
122,8,2022,36320,NGD,2023-03-01,TBA
123,8,2022,32120,,2023-03-01,ABS
124,7,2022,47320,,2023-03-01,MBS
125,7,2022,137978,GD,2023-03-01,TBA
126,7,2022,31522,NGD,2023-03-01,TBA
127,7,2022,19845,,2023-03-01,ABS
128,6,2022,48704,,2023-03-01,MBS
129,6,2022,133813,GD,2023-03-01,TBA
130,6,2022,32007,NGD,2023-03-01,TBA
131,6,2022,22008,,2023-03-01,ABS
132,5,2022,54990,,2023-03-01,MBS
133,5,2022,129759,GD,2023-03-01,TBA
134,5,2022,39692,NGD,2023-03-01,TBA
135,5,2022,23918,,2023-03-01,ABS
136,4,2022,49438,,2023-03-01,MBS
137,4,2022,128088,GD,2023-03-01,TBA
138,4,2022,32977,NGD,2023-03-01,TBA
139,4,2022,32296,,2023-03-01,ABS
140,3,2022,47571,,2023-03-01,MBS
141,3,2022,134267,GD,2023-03-01,TBA
142,3,2022,34227,NGD,2023-03-01,TBA
143,3,2022,25543,,2023-03-01,ABS
144,3,2023,48616,,2023-04-01,MBS
145,3,2023,144638,GD,2023-04-01,TBA
146,3,2023,32094,NGD,2023-04-01,TBA
147,3,2023,28136,,2023-04-01,ABS
148,2,2023,51301,,2023-04-01,MBS
149,2,2023,141517,GD,2023-04-01,TBA
150,2,2023,29572,NGD,2023-04-01,TBA
151,2,2023,27051,,2023-04-01,ABS
152,1,2023,49726,,2023-04-01,MBS
153,1,2023,146363,GD,2023-04-01,TBA
154,1,2023,32206,NGD,2023-04-01,TBA
155,1,2023,21619,,2023-04-01,ABS
156,12,2022,48688,,2023-04-01,MBS
157,12,2022,138416,GD,2023-04-01,TBA
158,12,2022,28572,NGD,2023-04-01,TBA
159,12,2022,19370,,2023-04-01,ABS
160,11,2022,53503,,2023-04-01,MBS
161,11,2022,142490,GD,2023-04-01,TBA
162,11,2022,34256,NGD,2023-04-01,TBA
163,11,2022,24267,,2023-04-01,ABS
164,10,2022,48894,,2023-04-01,MBS
165,10,2022,135619,GD,2023-04-01,TBA
166,10,2022,35280,NGD,2023-04-01,TBA
167,10,2022,38842,,2023-04-01,ABS
168,9,2022,48319,,2023-04-01,MBS
169,9,2022,132655,GD,2023-04-01,TBA
170,9,2022,35627,NGD,2023-04-01,TBA
171,9,2022,41436,,2023-04-01,ABS
172,8,2022,49485,,2023-04-01,MBS
173,8,2022,136833,GD,2023-04-01,TBA
174,8,2022,36320,NGD,2023-04-01,TBA
175,8,2022,31621,,2023-04-01,ABS
176,7,2022,47298,,2023-04-01,MBS
177,7,2022,137930,GD,2023-04-01,TBA
178,7,2022,31522,NGD,2023-04-01,TBA
179,7,2022,19777,,2023-04-01,ABS
180,6,2022,48714,,2023-04-01,MBS
181,6,2022,133840,GD,2023-04-01,TBA
182,6,2022,32007,NGD,2023-04-01,TBA
183,6,2022,21979,,2023-04-01,ABS
184,5,2022,54995,,2023-04-01,MBS
185,5,2022,129736,GD,2023-04-01,TBA
186,5,2022,39682,NGD,2023-04-01,TBA
187,5,2022,23960,,2023-04-01,ABS
188,4,2022,49438,,2023-04-01,MBS
189,4,2022,128088,GD,2023-04-01,TBA
190,4,2022,33020,NGD,2023-04-01,TBA
191,4,2022,32296,,2023-04-01,ABS
192,4,2023,45010,,2023-05-01,MBS
193,4,2023,142881,GD,2023-05-01,TBA
194,4,2023,29341,NGD,2023-05-01,TBA
195,4,2023,23588,,2023-05-01,ABS
196,3,2023,48623,,2023-05-01,MBS
197,3,2023,144590,GD,2023-05-01,TBA
198,3,2023,32300,NGD,2023-05-01,TBA
199,3,2023,28136,,2023-05-01,ABS
200,2,2023,51301,,2023-05-01,MBS
201,2,2023,141517,GD,2023-05-01,TBA
202,2,2023,30195,NGD,2023-05-01,TBA
203,2,2023,27051,,2023-05-01,ABS
204,1,2023,49726,,2023-05-01,MBS
205,1,2023,146363,GD,2023-05-01,TBA
206,1,2023,32282,NGD,2023-05-01,TBA
207,1,2023,21619,,2023-05-01,ABS
208,12,2022,48688,,2023-05-01,MBS
209,12,2022,138416,GD,2023-05-01,TBA
210,12,2022,28641,NGD,2023-05-01,TBA
211,12,2022,19370,,2023-05-01,ABS
212,11,2022,53503,,2023-05-01,MBS
213,11,2022,142490,GD,2023-05-01,TBA
214,11,2022,34254,NGD,2023-05-01,TBA
215,11,2022,24267,,2023-05-01,ABS
216,10,2022,48894,,2023-05-01,MBS
217,10,2022,135619,GD,2023-05-01,TBA
218,10,2022,35280,NGD,2023-05-01,TBA
219,10,2022,38842,,2023-05-01,ABS
220,9,2022,48319,,2023-05-01,MBS
221,9,2022,132655,GD,2023-05-01,TBA
222,9,2022,35627,NGD,2023-05-01,TBA
223,9,2022,41436,,2023-05-01,ABS
224,8,2022,49485,,2023-05-01,MBS
225,8,2022,136833,GD,2023-05-01,TBA
226,8,2022,36320,NGD,2023-05-01,TBA
227,8,2022,31621,,2023-05-01,ABS
228,7,2022,47298,,2023-05-01,MBS
229,7,2022,137930,GD,2023-05-01,TBA
230,7,2022,31516,NGD,2023-05-01,TBA
231,7,2022,19777,,2023-05-01,ABS
232,6,2022,48714,,2023-05-01,MBS
233,6,2022,133840,GD,2023-05-01,TBA
234,6,2022,32007,NGD,2023-05-01,TBA
235,6,2022,21979,,2023-05-01,ABS
236,5,2022,54995,,2023-05-01,MBS
237,5,2022,129736,GD,2023-05-01,TBA
238,5,2022,39673,NGD,2023-05-01,TBA
239,5,2022,23960,,2023-05-01,ABS
240,5,2023,49698,,2023-06-01,MBS
241,5,2023,150562,GD,2023-06-01,TBA
242,5,2023,33428,NGD,2023-06-01,TBA
243,5,2023,26210,,2023-06-01,ABS
244,4,2023,45012,,2023-06-01,MBS
245,4,2023,142852,GD,2023-06-01,TBA
246,4,2023,29624,NGD,2023-06-01,TBA
247,4,2023,23588,,2023-06-01,ABS
248,3,2023,48623,,2023-06-01,MBS
249,3,2023,144598,GD,2023-06-01,TBA
250,3,2023,32870,NGD,2023-06-01,TBA
251,3,2023,28136,,2023-06-01,ABS
252,2,2023,51301,,2023-06-01,MBS
253,2,2023,141519,GD,2023-06-01,TBA
254,2,2023,30318,NGD,2023-06-01,TBA
255,2,2023,27051,,2023-06-01,ABS
256,1,2023,49726,,2023-06-01,MBS
257,1,2023,146363,GD,2023-06-01,TBA
258,1,2023,32282,NGD,2023-06-01,TBA
259,1,2023,21619,,2023-06-01,ABS
260,12,2022,48688,,2023-06-01,MBS
261,12,2022,138416,GD,2023-06-01,TBA
262,12,2022,28641,NGD,2023-06-01,TBA
263,12,2022,19370,,2023-06-01,ABS
264,11,2022,53503,,2023-06-01,MBS
265,11,2022,142490,GD,2023-06-01,TBA
266,11,2022,34254,NGD,2023-06-01,TBA
267,11,2022,24267,,2023-06-01,ABS
268,10,2022,48894,,2023-06-01,MBS
269,10,2022,135619,GD,2023-06-01,TBA
270,10,2022,35280,NGD,2023-06-01,TBA
271,10,2022,38842,,2023-06-01,ABS
272,9,2022,48319,,2023-06-01,MBS
273,9,2022,132655,GD,2023-06-01,TBA
274,9,2022,35627,NGD,2023-06-01,TBA
275,9,2022,41436,,2023-06-01,ABS
276,8,2022,49485,,2023-06-01,MBS
277,8,2022,136833,GD,2023-06-01,TBA
278,8,2022,36320,NGD,2023-06-01,TBA
279,8,2022,31621,,2023-06-01,ABS
280,7,2022,47298,,2023-06-01,MBS
281,7,2022,137930,GD,2023-06-01,TBA
282,7,2022,31516,NGD,2023-06-01,TBA
283,7,2022,19777,,2023-06-01,ABS
284,6,2022,48714,,2023-06-01,MBS
285,6,2022,133840,GD,2023-06-01,TBA
286,6,2022,32007,NGD,2023-06-01,TBA
287,6,2022,21979,,2023-06-01,ABS
288,6,2023,49371,,2023-07-01,MBS
289,6,2023,153908,GD,2023-07-01,TBA
290,6,2023,30057,NGD,2023-07-01,TBA
291,6,2023,30988,,2023-07-01,ABS
292,5,2023,49691,,2023-07-01,MBS
293,5,2023,150545,GD,2023-07-01,TBA
294,5,2023,32579,NGD,2023-07-01,TBA
295,5,2023,26210,,2023-07-01,ABS
296,4,2023,45012,,2023-07-01,MBS
297,4,2023,142859,GD,2023-07-01,TBA
298,4,2023,29706,NGD,2023-07-01,TBA
299,4,2023,23588,,2023-07-01,ABS
300,3,2023,48623,,2023-07-01,MBS
301,3,2023,144589,GD,2023-07-01,TBA
302,3,2023,32495,NGD,2023-07-01,TBA
303,3,2023,28136,,2023-07-01,ABS
304,2,2023,51296,,2023-07-01,MBS
305,2,2023,141519,GD,2023-07-01,TBA
306,2,2023,30312,NGD,2023-07-01,TBA
307,2,2023,27051,,2023-07-01,ABS
308,1,2023,49726,,2023-07-01,MBS
309,1,2023,146365,GD,2023-07-01,TBA
310,1,2023,32282,NGD,2023-07-01,TBA
311,1,2023,21619,,2023-07-01,ABS
312,12,2022,48688,,2023-07-01,MBS
313,12,2022,138424,GD,2023-07-01,TBA
314,12,2022,28641,NGD,2023-07-01,TBA
315,12,2022,19370,,2023-07-01,ABS
316,11,2022,53503,,2023-07-01,MBS
317,11,2022,142491,GD,2023-07-01,TBA
318,11,2022,34254,NGD,2023-07-01,TBA
319,11,2022,24267,,2023-07-01,ABS
320,10,2022,48894,,2023-07-01,MBS
321,10,2022,135615,GD,2023-07-01,TBA
322,10,2022,35280,NGD,2023-07-01,TBA
323,10,2022,38842,,2023-07-01,ABS
324,9,2022,48319,,2023-07-01,MBS
325,9,2022,132650,GD,2023-07-01,TBA
326,9,2022,35627,NGD,2023-07-01,TBA
327,9,2022,41436,,2023-07-01,ABS
328,8,2022,49485,,2023-07-01,MBS
329,8,2022,136833,GD,2023-07-01,TBA
330,8,2022,36320,NGD,2023-07-01,TBA
331,8,2022,31621,,2023-07-01,ABS
332,7,2022,47298,,2023-07-01,MBS
333,7,2022,137930,GD,2023-07-01,TBA
334,7,2022,31516,NGD,2023-07-01,TBA
335,7,2022,19777,,2023-07-01,ABS
336,7,2023,49209,,2023-08-01,MBS
337,7,2023,150000,GD,2023-08-01,TBA
338,7,2023,30677,NGD,2023-08-01,TBA
339,7,2023,22070,,2023-08-01,ABS
340,6,2023,49377,,2023-08-01,MBS
341,6,2023,153922,GD,2023-08-01,TBA
342,6,2023,30185,NGD,2023-08-01,TBA
343,6,2023,30988,,2023-08-01,ABS
344,5,2023,49691,,2023-08-01,MBS
345,5,2023,150501,GD,2023-08-01,TBA
346,5,2023,32618,NGD,2023-08-01,TBA
347,5,2023,26210,,2023-08-01,ABS
348,4,2023,45012,,2023-08-01,MBS
349,4,2023,142859,GD,2023-08-01,TBA
350,4,2023,29594,NGD,2023-08-01,TBA
351,4,2023,23588,,2023-08-01,ABS
352,3,2023,48623,,2023-08-01,MBS
353,3,2023,144589,GD,2023-08-01,TBA
354,3,2023,32530,NGD,2023-08-01,TBA
355,3,2023,28136,,2023-08-01,ABS
356,2,2023,51296,,2023-08-01,MBS
357,2,2023,141519,GD,2023-08-01,TBA
358,2,2023,30312,NGD,2023-08-01,TBA
359,2,2023,27051,,2023-08-01,ABS
360,1,2023,49726,,2023-08-01,MBS
361,1,2023,146365,GD,2023-08-01,TBA
362,1,2023,32282,NGD,2023-08-01,TBA
363,1,2023,21619,,2023-08-01,ABS
364,12,2022,48688,,2023-08-01,MBS
365,12,2022,138424,GD,2023-08-01,TBA
366,12,2022,28641,NGD,2023-08-01,TBA
367,12,2022,19370,,2023-08-01,ABS
368,11,2022,53503,,2023-08-01,MBS
369,11,2022,142491,GD,2023-08-01,TBA
370,11,2022,34254,NGD,2023-08-01,TBA
371,11,2022,24267,,2023-08-01,ABS
372,10,2022,48894,,2023-08-01,MBS
373,10,2022,135615,GD,2023-08-01,TBA
374,10,2022,35342,NGD,2023-08-01,TBA
375,10,2022,38842,,2023-08-01,ABS
376,9,2022,48319,,2023-08-01,MBS
377,9,2022,132650,GD,2023-08-01,TBA
378,9,2022,35627,NGD,2023-08-01,TBA
379,9,2022,41436,,2023-08-01,ABS
380,8,2022,49485,,2023-08-01,MBS
381,8,2022,136833,GD,2023-08-01,TBA
382,8,2022,36320,NGD,2023-08-01,TBA
383,8,2022,31621,,2023-08-01,ABS
384,8,2023,47873,,2023-09-01,MBS
385,8,2023,154766,GD,2023-09-01,TBA
386,8,2023,32523,NGD,2023-09-01,TBA
387,8,2023,27518,,2023-09-01,ABS
388,7,2023,49188,,2023-09-01,MBS
389,7,2023,149953,GD,2023-09-01,TBA
390,7,2023,30712,NGD,2023-09-01,TBA
391,7,2023,22132,,2023-09-01,ABS
392,6,2023,49377,,2023-09-01,MBS
393,6,2023,153918,GD,2023-09-01,TBA
394,6,2023,30336,NGD,2023-09-01,TBA
395,6,2023,30988,,2023-09-01,ABS
396,5,2023,49691,,2023-09-01,MBS
397,5,2023,150501,GD,2023-09-01,TBA
398,5,2023,32618,NGD,2023-09-01,TBA
399,5,2023,26210,,2023-09-01,ABS
400,4,2023,45012,,2023-09-01,MBS
401,4,2023,142859,GD,2023-09-01,TBA
402,4,2023,29594,NGD,2023-09-01,TBA
403,4,2023,23588,,2023-09-01,ABS
404,3,2023,48623,,2023-09-01,MBS
405,3,2023,144589,GD,2023-09-01,TBA
406,3,2023,32530,NGD,2023-09-01,TBA
407,3,2023,28136,,2023-09-01,ABS
408,2,2023,51296,,2023-09-01,MBS
409,2,2023,141519,GD,2023-09-01,TBA
410,2,2023,30312,NGD,2023-09-01,TBA
411,2,2023,27051,,2023-09-01,ABS
412,1,2023,49726,,2023-09-01,MBS
413,1,2023,146365,GD,2023-09-01,TBA
414,1,2023,32282,NGD,2023-09-01,TBA
415,1,2023,21619,,2023-09-01,ABS
416,12,2022,48688,,2023-09-01,MBS
417,12,2022,138424,GD,2023-09-01,TBA
418,12,2022,28641,NGD,2023-09-01,TBA
419,12,2022,19370,,2023-09-01,ABS
420,11,2022,53503,,2023-09-01,MBS
421,11,2022,142491,GD,2023-09-01,TBA
422,11,2022,34254,NGD,2023-09-01,TBA
423,11,2022,24267,,2023-09-01,ABS
424,10,2022,48894,,2023-09-01,MBS
425,10,2022,135615,GD,2023-09-01,TBA
426,10,2022,35342,NGD,2023-09-01,TBA
427,10,2022,38842,,2023-09-01,ABS
428,9,2022,48319,,2023-09-01,MBS
429,9,2022,132650,GD,2023-09-01,TBA
430,9,2022,35627,NGD,2023-09-01,TBA
431,9,2022,41436,,2023-09-01,ABS
432,9,2023,48429,,2023-10-01,MBS
433,9,2023,160838,GD,2023-10-01,TBA
434,9,2023,27850,NGD,2023-10-01,TBA
435,9,2023,28535,,2023-10-01,ABS
436,8,2023,47931,,2023-10-01,MBS
437,8,2023,154804,GD,2023-10-01,TBA
438,8,2023,32105,NGD,2023-10-01,TBA
439,8,2023,27518,,2023-10-01,ABS
440,7,2023,49183,,2023-10-01,MBS
441,7,2023,149910,GD,2023-10-01,TBA
442,7,2023,30567,NGD,2023-10-01,TBA
443,7,2023,22132,,2023-10-01,ABS
444,6,2023,49377,,2023-10-01,MBS
445,6,2023,153918,GD,2023-10-01,TBA
446,6,2023,30359,NGD,2023-10-01,TBA
447,6,2023,30980,,2023-10-01,ABS
448,5,2023,49691,,2023-10-01,MBS
449,5,2023,150501,GD,2023-10-01,TBA
450,5,2023,32618,NGD,2023-10-01,TBA
451,5,2023,26210,,2023-10-01,ABS
452,4,2023,45012,,2023-10-01,MBS
453,4,2023,142859,GD,2023-10-01,TBA
454,4,2023,29594,NGD,2023-10-01,TBA
455,4,2023,23588,,2023-10-01,ABS
456,3,2023,48623,,2023-10-01,MBS
457,3,2023,144589,GD,2023-10-01,TBA
458,3,2023,32529,NGD,2023-10-01,TBA
459,3,2023,28136,,2023-10-01,ABS
460,2,2023,51296,,2023-10-01,MBS
461,2,2023,141519,GD,2023-10-01,TBA
462,2,2023,30312,NGD,2023-10-01,TBA
463,2,2023,27051,,2023-10-01,ABS
464,1,2023,49726,,2023-10-01,MBS
465,1,2023,146365,GD,2023-10-01,TBA
466,1,2023,32282,NGD,2023-10-01,TBA
467,1,2023,21619,,2023-10-01,ABS
468,12,2022,48688,,2023-10-01,MBS
469,12,2022,138424,GD,2023-10-01,TBA
470,12,2022,28641,NGD,2023-10-01,TBA
471,12,2022,19370,,2023-10-01,ABS
472,11,2022,53503,,2023-10-01,MBS
473,11,2022,142491,GD,2023-10-01,TBA
474,11,2022,34252,NGD,2023-10-01,TBA
475,11,2022,24267,,2023-10-01,ABS
476,10,2022,48894,,2023-10-01,MBS
477,10,2022,135615,GD,2023-10-01,TBA
478,10,2022,35342,NGD,2023-10-01,TBA
479,10,2022,38842,,2023-10-01,ABS
480,10,2023,52545,,2023-11-01,MBS
481,10,2023,161750,GD,2023-11-01,TBA
482,10,2023,56923,NGD,2023-11-01,TBA
483,10,2023,24639,,2023-11-01,ABS
484,9,2023,48449,,2023-11-01,MBS
485,9,2023,160807,GD,2023-11-01,TBA
486,9,2023,28090,NGD,2023-11-01,TBA
487,9,2023,28515,,2023-11-01,ABS
488,8,2023,47931,,2023-11-01,MBS
489,8,2023,154804,GD,2023-11-01,TBA
490,8,2023,32262,NGD,2023-11-01,TBA
491,8,2023,27518,,2023-11-01,ABS
492,7,2023,49183,,2023-11-01,MBS
493,7,2023,149910,GD,2023-11-01,TBA
494,7,2023,30694,NGD,2023-11-01,TBA
495,7,2023,22132,,2023-11-01,ABS
496,6,2023,49377,,2023-11-01,MBS
497,6,2023,153918,GD,2023-11-01,TBA
498,6,2023,30359,NGD,2023-11-01,TBA
499,6,2023,30980,,2023-11-01,ABS
500,5,2023,49691,,2023-11-01,MBS
501,5,2023,150501,GD,2023-11-01,TBA
502,5,2023,32618,NGD,2023-11-01,TBA
503,5,2023,26210,,2023-11-01,ABS
504,4,2023,45012,,2023-11-01,MBS
505,4,2023,142859,GD,2023-11-01,TBA
506,4,2023,29594,NGD,2023-11-01,TBA
507,4,2023,23588,,2023-11-01,ABS
508,3,2023,48623,,2023-11-01,MBS
509,3,2023,144589,GD,2023-11-01,TBA
510,3,2023,32529,NGD,2023-11-01,TBA
511,3,2023,28136,,2023-11-01,ABS
512,2,2023,51296,,2023-11-01,MBS
513,2,2023,141519,GD,2023-11-01,TBA
514,2,2023,30312,NGD,2023-11-01,TBA
515,2,2023,27051,,2023-11-01,ABS
516,1,2023,49726,,2023-11-01,MBS
517,1,2023,146365,GD,2023-11-01,TBA
518,1,2023,32282,NGD,2023-11-01,TBA
519,1,2023,21619,,2023-11-01,ABS
520,12,2022,48688,,2023-11-01,MBS
521,12,2022,138424,GD,2023-11-01,TBA
522,12,2022,28641,NGD,2023-11-01,TBA
523,12,2022,19370,,2023-11-01,ABS
524,11,2022,53503,,2023-11-01,MBS
525,11,2022,142491,GD,2023-11-01,TBA
526,11,2022,34251,NGD,2023-11-01,TBA
527,11,2022,24267,,2023-11-01,ABS
528,11,2023,47801,,2023-12-01,MBS
529,11,2023,158069,GD,2023-12-01,TBA
530,11,2023,30991,NGD,2023-12-01,TBA
531,11,2023,26769,,2023-12-01,ABS
532,10,2023,52552,,2023-12-01,MBS
533,10,2023,161727,GD,2023-12-01,TBA
534,10,2023,56900,NGD,2023-12-01,TBA
535,10,2023,24639,,2023-12-01,ABS
536,9,2023,48449,,2023-12-01,MBS
537,9,2023,160807,GD,2023-12-01,TBA
538,9,2023,28095,NGD,2023-12-01,TBA
539,9,2023,28515,,2023-12-01,ABS
540,8,2023,47931,,2023-12-01,MBS
541,8,2023,154804,GD,2023-12-01,TBA
542,8,2023,32262,NGD,2023-12-01,TBA
543,8,2023,27518,,2023-12-01,ABS
544,7,2023,49188,,2023-12-01,MBS
545,7,2023,149910,GD,2023-12-01,TBA
546,7,2023,30694,NGD,2023-12-01,TBA
547,7,2023,22132,,2023-12-01,ABS
548,6,2023,49382,,2023-12-01,MBS
549,6,2023,153918,GD,2023-12-01,TBA
550,6,2023,30359,NGD,2023-12-01,TBA
551,6,2023,30980,,2023-12-01,ABS
552,5,2023,49691,,2023-12-01,MBS
553,5,2023,150501,GD,2023-12-01,TBA
554,5,2023,32618,NGD,2023-12-01,TBA
555,5,2023,26210,,2023-12-01,ABS
556,4,2023,45012,,2023-12-01,MBS
557,4,2023,142859,GD,2023-12-01,TBA
558,4,2023,29594,NGD,2023-12-01,TBA
559,4,2023,23588,,2023-12-01,ABS
560,3,2023,48623,,2023-12-01,MBS
561,3,2023,144589,GD,2023-12-01,TBA
562,3,2023,32532,NGD,2023-12-01,TBA
563,3,2023,28136,,2023-12-01,ABS
564,2,2023,51296,,2023-12-01,MBS
565,2,2023,141519,GD,2023-12-01,TBA
566,2,2023,30311,NGD,2023-12-01,TBA
567,2,2023,27051,,2023-12-01,ABS
568,1,2023,49726,,2023-12-01,MBS
569,1,2023,146365,GD,2023-12-01,TBA
570,1,2023,32282,NGD,2023-12-01,TBA
571,1,2023,21619,,2023-12-01,ABS
572,12,2022,48688,,2023-12-01,MBS
573,12,2022,138424,GD,2023-12-01,TBA
574,12,2022,28641,NGD,2023-12-01,TBA
575,12,2022,19370,,2023-12-01,ABS
576,12,2023,46752,,2024-01-01,MBS
577,12,2023,159136,GD,2024-01-01,TBA
578,12,2023,31541,NGD,2024-01-01,TBA
579,12,2023,23730,,2024-01-01,ABS
580,11,2023,47802,,2024-01-01,MBS
581,11,2023,158089,GD,2024-01-01,TBA
582,11,2023,31218,NGD,2024-01-01,TBA
583,11,2023,26769,,2024-01-01,ABS
584,10,2023,52552,,2024-01-01,MBS
585,10,2023,161690,GD,2024-01-01,TBA
586,10,2023,57401,NGD,2024-01-01,TBA
587,10,2023,24639,,2024-01-01,ABS
588,9,2023,48449,,2024-01-01,MBS
589,9,2023,160807,GD,2024-01-01,TBA
590,9,2023,28095,NGD,2024-01-01,TBA
591,9,2023,28515,,2024-01-01,ABS
592,8,2023,47931,,2024-01-01,MBS
593,8,2023,154804,GD,2024-01-01,TBA
594,8,2023,32262,NGD,2024-01-01,TBA
595,8,2023,27518,,2024-01-01,ABS
596,7,2023,49188,,2024-01-01,MBS
597,7,2023,149910,GD,2024-01-01,TBA
598,7,2023,30694,NGD,2024-01-01,TBA
599,7,2023,22132,,2024-01-01,ABS
600,6,2023,49382,,2024-01-01,MBS
601,6,2023,153918,GD,2024-01-01,TBA
602,6,2023,30359,NGD,2024-01-01,TBA
603,6,2023,30980,,2024-01-01,ABS
604,5,2023,49691,,2024-01-01,MBS
605,5,2023,150501,GD,2024-01-01,TBA
606,5,2023,32618,NGD,2024-01-01,TBA
607,5,2023,26210,,2024-01-01,ABS
608,4,2023,45012,,2024-01-01,MBS
609,4,2023,142859,GD,2024-01-01,TBA
610,4,2023,29594,NGD,2024-01-01,TBA
611,4,2023,23588,,2024-01-01,ABS
612,3,2023,48623,,2024-01-01,MBS
613,3,2023,144589,GD,2024-01-01,TBA
614,3,2023,32532,NGD,2024-01-01,TBA
615,3,2023,28136,,2024-01-01,ABS
616,2,2023,51296,,2024-01-01,MBS
617,2,2023,141519,GD,2024-01-01,TBA
618,2,2023,30311,NGD,2024-01-01,TBA
619,2,2023,27051,,2024-01-01,ABS
620,1,2023,49726,,2024-01-01,MBS
621,1,2023,146365,GD,2024-01-01,TBA
622,1,2023,32282,NGD,2024-01-01,TBA
623,1,2023,21619,,2024-01-01,ABS
624,1,2024,47291,,2024-02-01,MBS
625,1,2024,179585,GD,2024-02-01,TBA
626,1,2024,29105,NGD,2024-02-01,TBA
627,1,2024,29438,,2024-02-01,ABS
628,12,2023,46750,,2024-02-01,MBS
629,12,2023,159132,GD,2024-02-01,TBA
630,12,2023,31469,NGD,2024-02-01,TBA
631,12,2023,23730,,2024-02-01,ABS
632,11,2023,47802,,2024-02-01,MBS
633,11,2023,158101,GD,2024-02-01,TBA
634,11,2023,31243,NGD,2024-02-01,TBA
635,11,2023,26769,,2024-02-01,ABS
636,10,2023,52552,,2024-02-01,MBS
637,10,2023,161690,GD,2024-02-01,TBA
638,10,2023,57401,NGD,2024-02-01,TBA
639,10,2023,24639,,2024-02-01,ABS
640,9,2023,48449,,2024-02-01,MBS
641,9,2023,160807,GD,2024-02-01,TBA
642,9,2023,28095,NGD,2024-02-01,TBA
643,9,2023,28515,,2024-02-01,ABS
644,8,2023,47931,,2024-02-01,MBS
645,8,2023,154804,GD,2024-02-01,TBA
646,8,2023,32262,NGD,2024-02-01,TBA
647,8,2023,27518,,2024-02-01,ABS
648,7,2023,49188,,2024-02-01,MBS
649,7,2023,149910,GD,2024-02-01,TBA
650,7,2023,30694,NGD,2024-02-01,TBA
651,7,2023,22110,,2024-02-01,ABS
652,6,2023,49382,,2024-02-01,MBS
653,6,2023,153918,GD,2024-02-01,TBA
654,6,2023,30359,NGD,2024-02-01,TBA
655,6,2023,30980,,2024-02-01,ABS
656,5,2023,49691,,2024-02-01,MBS
657,5,2023,150501,GD,2024-02-01,TBA
658,5,2023,32618,NGD,2024-02-01,TBA
659,5,2023,26210,,2024-02-01,ABS
660,4,2023,45012,,2024-02-01,MBS
661,4,2023,142859,GD,2024-02-01,TBA
662,4,2023,29594,NGD,2024-02-01,TBA
663,4,2023,23588,,2024-02-01,ABS
664,3,2023,48623,,2024-02-01,MBS
665,3,2023,144589,GD,2024-02-01,TBA
666,3,2023,32532,NGD,2024-02-01,TBA
667,3,2023,28136,,2024-02-01,ABS
668,2,2023,51296,,2024-02-01,MBS
669,2,2023,141519,GD,2024-02-01,TBA
670,2,2023,30311,NGD,2024-02-01,TBA
671,2,2023,27051,,2024-02-01,ABS
672,2,2024,48261,,2024-03-01,MBS
673,2,2024,153463,GD,2024-03-01,TBA
674,2,2024,25723,NGD,2024-03-01,TBA
675,2,2024,27764,,2024-03-01,ABS
676,1,2024,47248,,2024-03-01,MBS
677,1,2024,179583,GD,2024-03-01,TBA
678,1,2024,29548,NGD,2024-03-01,TBA
679,1,2024,29438,,2024-03-01,ABS
680,12,2023,46750,,2024-03-01,MBS
681,12,2023,159132,GD,2024-03-01,TBA
682,12,2023,31642,NGD,2024-03-01,TBA
683,12,2023,23730,,2024-03-01,ABS
684,11,2023,47802,,2024-03-01,MBS
685,11,2023,158101,GD,2024-03-01,TBA
686,11,2023,31290,NGD,2024-03-01,TBA
687,11,2023,26769,,2024-03-01,ABS
688,10,2023,52556,,2024-03-01,MBS
689,10,2023,161690,GD,2024-03-01,TBA
690,10,2023,57401,NGD,2024-03-01,TBA
691,10,2023,24639,,2024-03-01,ABS
692,9,2023,48449,,2024-03-01,MBS
693,9,2023,160807,GD,2024-03-01,TBA
694,9,2023,28095,NGD,2024-03-01,TBA
695,9,2023,28515,,2024-03-01,ABS
696,8,2023,47931,,2024-03-01,MBS
697,8,2023,154804,GD,2024-03-01,TBA
698,8,2023,32262,NGD,2024-03-01,TBA
699,8,2023,27518,,2024-03-01,ABS
700,7,2023,49188,,2024-03-01,MBS
701,7,2023,149910,GD,2024-03-01,TBA
702,7,2023,30694,NGD,2024-03-01,TBA
703,7,2023,22110,,2024-03-01,ABS
704,6,2023,49382,,2024-03-01,MBS
705,6,2023,153918,GD,2024-03-01,TBA
706,6,2023,30359,NGD,2024-03-01,TBA
707,6,2023,30980,,2024-03-01,ABS
708,5,2023,49691,,2024-03-01,MBS
709,5,2023,150501,GD,2024-03-01,TBA
710,5,2023,32618,NGD,2024-03-01,TBA
711,5,2023,26210,,2024-03-01,ABS
712,4,2023,45012,,2024-03-01,MBS
713,4,2023,142859,GD,2024-03-01,TBA
714,4,2023,29594,NGD,2024-03-01,TBA
715,4,2023,23588,,2024-03-01,ABS
716,3,2023,48623,,2024-03-01,MBS
717,3,2023,144589,GD,2024-03-01,TBA
718,3,2023,32532,NGD,2024-03-01,TBA
719,3,2023,28136,,2024-03-01,ABS
720,3,2024,53149,,2024-04-01,MBS
721,3,2024,166233,GD,2024-04-01,TBA
722,3,2024,22769,NGD,2024-04-01,TBA
723,3,2024,23461,,2024-04-01,ABS
724,2,2024,48255,,2024-04-01,MBS
725,2,2024,153389,GD,2024-04-01,TBA
726,2,2024,25827,NGD,2024-04-01,TBA
727,2,2024,27764,,2024-04-01,ABS
728,1,2024,47248,,2024-04-01,MBS
729,1,2024,179583,GD,2024-04-01,TBA
730,1,2024,29503,NGD,2024-04-01,TBA
731,1,2024,29438,,2024-04-01,ABS
732,12,2023,46750,,2024-04-01,MBS
733,12,2023,159132,GD,2024-04-01,TBA
734,12,2023,31944,NGD,2024-04-01,TBA
735,12,2023,23730,,2024-04-01,ABS
736,11,2023,47802,,2024-04-01,MBS
737,11,2023,158101,GD,2024-04-01,TBA
738,11,2023,31290,NGD,2024-04-01,TBA
739,11,2023,26769,,2024-04-01,ABS
740,10,2023,52556,,2024-04-01,MBS
741,10,2023,161690,GD,2024-04-01,TBA
742,10,2023,57401,NGD,2024-04-01,TBA
743,10,2023,24639,,2024-04-01,ABS
744,9,2023,48449,,2024-04-01,MBS
745,9,2023,160807,GD,2024-04-01,TBA
746,9,2023,28095,NGD,2024-04-01,TBA
747,9,2023,28515,,2024-04-01,ABS
748,8,2023,47931,,2024-04-01,MBS
749,8,2023,154804,GD,2024-04-01,TBA
750,8,2023,32262,NGD,2024-04-01,TBA
751,8,2023,27518,,2024-04-01,ABS
752,7,2023,49188,,2024-04-01,MBS
753,7,2023,149910,GD,2024-04-01,TBA
754,7,2023,30694,NGD,2024-04-01,TBA
755,7,2023,22110,,2024-04-01,ABS
756,6,2023,49382,,2024-04-01,MBS
757,6,2023,153918,GD,2024-04-01,TBA
758,6,2023,30358,NGD,2024-04-01,TBA
759,6,2023,30980,,2024-04-01,ABS
760,5,2023,49691,,2024-04-01,MBS
761,5,2023,150501,GD,2024-04-01,TBA
762,5,2023,32618,NGD,2024-04-01,TBA
763,5,2023,26210,,2024-04-01,ABS
764,4,2023,45012,,2024-04-01,MBS
765,4,2023,142859,GD,2024-04-01,TBA
766,4,2023,29594,NGD,2024-04-01,TBA
767,4,2023,23588,,2024-04-01,ABS
768,4,2024,49556,,2024-05-01,MBS
769,4,2024,164602,GD,2024-05-01,TBA
770,4,2024,26881,NGD,2024-05-01,TBA
771,4,2024,25076,,2024-05-01,ABS
772,3,2024,53149,,2024-05-01,MBS
773,3,2024,166194,GD,2024-05-01,TBA
774,3,2024,22753,NGD,2024-05-01,TBA
775,3,2024,23461,,2024-05-01,ABS
776,2,2024,48255,,2024-05-01,MBS
777,2,2024,153338,GD,2024-05-01,TBA
778,2,2024,25895,NGD,2024-05-01,TBA
779,2,2024,27764,,2024-05-01,ABS
780,1,2024,47248,,2024-05-01,MBS
781,1,2024,179602,GD,2024-05-01,TBA
782,1,2024,29504,NGD,2024-05-01,TBA
783,1,2024,29438,,2024-05-01,ABS
784,12,2023,46750,,2024-05-01,MBS
785,12,2023,159132,GD,2024-05-01,TBA
786,12,2023,31944,NGD,2024-05-01,TBA
787,12,2023,23730,,2024-05-01,ABS
788,11,2023,47802,,2024-05-01,MBS
789,11,2023,158101,GD,2024-05-01,TBA
790,11,2023,31290,NGD,2024-05-01,TBA
791,11,2023,26769,,2024-05-01,ABS
792,10,2023,52556,,2024-05-01,MBS
793,10,2023,161690,GD,2024-05-01,TBA
794,10,2023,57401,NGD,2024-05-01,TBA
795,10,2023,24639,,2024-05-01,ABS
796,9,2023,48449,,2024-05-01,MBS
797,9,2023,160807,GD,2024-05-01,TBA
798,9,2023,28095,NGD,2024-05-01,TBA
799,9,2023,28515,,2024-05-01,ABS
800,8,2023,47931,,2024-05-01,MBS
801,8,2023,154804,GD,2024-05-01,TBA
802,8,2023,32262,NGD,2024-05-01,TBA
803,8,2023,27518,,2024-05-01,ABS
804,7,2023,49188,,2024-05-01,MBS
805,7,2023,149910,GD,2024-05-01,TBA
806,7,2023,30694,NGD,2024-05-01,TBA
807,7,2023,22110,,2024-05-01,ABS
808,6,2023,49382,,2024-05-01,MBS
809,6,2023,153918,GD,2024-05-01,TBA
810,6,2023,30358,NGD,2024-05-01,TBA
811,6,2023,30980,,2024-05-01,ABS
812,5,2023,49691,,2024-05-01,MBS
813,5,2023,150501,GD,2024-05-01,TBA
814,5,2023,32618,NGD,2024-05-01,TBA
815,5,2023,26210,,2024-05-01,ABS
816,5,2024,60219,,2024-06-01,MBS
817,5,2024,162470,GD,2024-06-01,TBA
818,5,2024,34094,NGD,2024-06-01,TBA
819,5,2024,20826,,2024-06-01,ABS
820,4,2024,49571,,2024-06-01,MBS
821,4,2024,164636,GD,2024-06-01,TBA
822,4,2024,26811,NGD,2024-06-01,TBA
823,4,2024,25076,,2024-06-01,ABS
824,3,2024,53149,,2024-06-01,MBS
825,3,2024,166156,GD,2024-06-01,TBA
826,3,2024,22241,NGD,2024-06-01,TBA
827,3,2024,23461,,2024-06-01,ABS
828,2,2024,48255,,2024-06-01,MBS
829,2,2024,153343,GD,2024-06-01,TBA
830,2,2024,25894,NGD,2024-06-01,TBA
831,2,2024,27764,,2024-06-01,ABS
832,1,2024,47248,,2024-06-01,MBS
833,1,2024,179598,GD,2024-06-01,TBA
834,1,2024,29504,NGD,2024-06-01,TBA
835,1,2024,29438,,2024-06-01,ABS
836,12,2023,46750,,2024-06-01,MBS
837,12,2023,159132,GD,2024-06-01,TBA
838,12,2023,31944,NGD,2024-06-01,TBA
839,12,2023,23730,,2024-06-01,ABS
840,11,2023,47802,,2024-06-01,MBS
841,11,2023,158101,GD,2024-06-01,TBA
842,11,2023,31290,NGD,2024-06-01,TBA
843,11,2023,26769,,2024-06-01,ABS
844,10,2023,52556,,2024-06-01,MBS
845,10,2023,161690,GD,2024-06-01,TBA
846,10,2023,57401,NGD,2024-06-01,TBA
847,10,2023,24639,,2024-06-01,ABS
848,9,2023,48449,,2024-06-01,MBS
849,9,2023,160807,GD,2024-06-01,TBA
850,9,2023,28095,NGD,2024-06-01,TBA
851,9,2023,28515,,2024-06-01,ABS
852,8,2023,47931,,2024-06-01,MBS
853,8,2023,154804,GD,2024-06-01,TBA
854,8,2023,32262,NGD,2024-06-01,TBA
855,8,2023,27518,,2024-06-01,ABS
856,7,2023,49188,,2024-06-01,MBS
857,7,2023,149910,GD,2024-06-01,TBA
858,7,2023,30694,NGD,2024-06-01,TBA
859,7,2023,22110,,2024-06-01,ABS
860,6,2023,49382,,2024-06-01,MBS
861,6,2023,153918,GD,2024-06-01,TBA
862,6,2023,30358,NGD,2024-06-01,TBA
863,6,2023,30980,,2024-06-01,ABS
864,6,2024,46746,,2024-07-01,MBS
865,6,2024,166410,GD,2024-07-01,TBA
866,6,2024,25210,NGD,2024-07-01,TBA
867,6,2024,20735,,2024-07-01,ABS
868,5,2024,60190,,2024-07-01,MBS
869,5,2024,162484,GD,2024-07-01,TBA
870,5,2024,33909,NGD,2024-07-01,TBA
871,5,2024,20826,,2024-07-01,ABS
872,4,2024,49571,,2024-07-01,MBS
873,4,2024,164643,GD,2024-07-01,TBA
874,4,2024,26788,NGD,2024-07-01,TBA
875,4,2024,25076,,2024-07-01,ABS
876,3,2024,53149,,2024-07-01,MBS
877,3,2024,166156,GD,2024-07-01,TBA
878,3,2024,22241,NGD,2024-07-01,TBA
879,3,2024,23461,,2024-07-01,ABS
880,2,2024,48255,,2024-07-01,MBS
881,2,2024,153343,GD,2024-07-01,TBA
882,2,2024,25889,NGD,2024-07-01,TBA
883,2,2024,27764,,2024-07-01,ABS
884,1,2024,47248,,2024-07-01,MBS
885,1,2024,179598,GD,2024-07-01,TBA
886,1,2024,29504,NGD,2024-07-01,TBA
887,1,2024,29438,,2024-07-01,ABS
888,12,2023,46750,,2024-07-01,MBS
889,12,2023,159132,GD,2024-07-01,TBA
890,12,2023,31944,NGD,2024-07-01,TBA
891,12,2023,23730,,2024-07-01,ABS
892,11,2023,47802,,2024-07-01,MBS
893,11,2023,158101,GD,2024-07-01,TBA
894,11,2023,31290,NGD,2024-07-01,TBA
895,11,2023,26769,,2024-07-01,ABS
896,10,2023,52556,,2024-07-01,MBS
897,10,2023,161690,GD,2024-07-01,TBA
898,10,2023,57401,NGD,2024-07-01,TBA
899,10,2023,24639,,2024-07-01,ABS
900,9,2023,48449,,2024-07-01,MBS
901,9,2023,160807,GD,2024-07-01,TBA
902,9,2023,28095,NGD,2024-07-01,TBA
903,9,2023,28515,,2024-07-01,ABS
904,8,2023,47931,,2024-07-01,MBS
905,8,2023,154804,GD,2024-07-01,TBA
906,8,2023,32262,NGD,2024-07-01,TBA
907,8,2023,27518,,2024-07-01,ABS
908,7,2023,49188,,2024-07-01,MBS
909,7,2023,149910,GD,2024-07-01,TBA
910,7,2023,30694,NGD,2024-07-01,TBA
911,7,2023,22110,,2024-07-01,ABS
912,7,2024,48610,,2024-08-01,MBS
913,7,2024,171429,GD,2024-08-01,TBA
914,7,2024,26490,NGD,2024-08-01,TBA
915,7,2024,24221,,2024-08-01,ABS
916,6,2024,46746,,2024-08-01,MBS
917,6,2024,166446,GD,2024-08-01,TBA
918,6,2024,25382,NGD,2024-08-01,TBA
919,6,2024,20735,,2024-08-01,ABS
920,5,2024,60190,,2024-08-01,MBS
921,5,2024,162482,GD,2024-08-01,TBA
922,5,2024,33963,NGD,2024-08-01,TBA
923,5,2024,20826,,2024-08-01,ABS
924,4,2024,49571,,2024-08-01,MBS
925,4,2024,164643,GD,2024-08-01,TBA
926,4,2024,26788,NGD,2024-08-01,TBA
927,4,2024,25076,,2024-08-01,ABS
928,3,2024,53149,,2024-08-01,MBS
929,3,2024,166156,GD,2024-08-01,TBA
930,3,2024,22241,NGD,2024-08-01,TBA
931,3,2024,23461,,2024-08-01,ABS
932,2,2024,48255,,2024-08-01,MBS
933,2,2024,153343,GD,2024-08-01,TBA
934,2,2024,25888,NGD,2024-08-01,TBA
935,2,2024,27764,,2024-08-01,ABS
936,1,2024,47248,,2024-08-01,MBS
937,1,2024,179598,GD,2024-08-01,TBA
938,1,2024,29504,NGD,2024-08-01,TBA
939,1,2024,29438,,2024-08-01,ABS
940,12,2023,46750,,2024-08-01,MBS
941,12,2023,159132,GD,2024-08-01,TBA
942,12,2023,31944,NGD,2024-08-01,TBA
943,12,2023,23730,,2024-08-01,ABS
944,11,2023,47802,,2024-08-01,MBS
945,11,2023,158101,GD,2024-08-01,TBA
946,11,2023,31290,NGD,2024-08-01,TBA
947,11,2023,26769,,2024-08-01,ABS
948,10,2023,52556,,2024-08-01,MBS
949,10,2023,161690,GD,2024-08-01,TBA
950,10,2023,57401,NGD,2024-08-01,TBA
951,10,2023,24639,,2024-08-01,ABS
952,9,2023,48449,,2024-08-01,MBS
953,9,2023,160807,GD,2024-08-01,TBA
954,9,2023,28095,NGD,2024-08-01,TBA
955,9,2023,28515,,2024-08-01,ABS
956,8,2023,47931,,2024-08-01,MBS
957,8,2023,154804,GD,2024-08-01,TBA
958,8,2023,32262,NGD,2024-08-01,TBA
959,8,2023,27518,,2024-08-01,ABS
960,8,2024,56033,,2024-09-01,MBS
961,8,2024,178964,GD,2024-09-01,TBA
962,8,2024,30660,NGD,2024-09-01,TBA
963,8,2024,32610,,2024-09-01,ABS
964,7,2024,48600,,2024-09-01,MBS
965,7,2024,171460,GD,2024-09-01,TBA
966,7,2024,26481,NGD,2024-09-01,TBA
967,7,2024,24221,,2024-09-01,ABS
968,6,2024,46746,,2024-09-01,MBS
969,6,2024,166446,GD,2024-09-01,TBA
970,6,2024,25298,NGD,2024-09-01,TBA
971,6,2024,20735,,2024-09-01,ABS
972,5,2024,60190,,2024-09-01,MBS
973,5,2024,162482,GD,2024-09-01,TBA
974,5,2024,33963,NGD,2024-09-01,TBA
975,5,2024,20826,,2024-09-01,ABS
976,4,2024,49571,,2024-09-01,MBS
977,4,2024,164643,GD,2024-09-01,TBA
978,4,2024,26788,NGD,2024-09-01,TBA
979,4,2024,25076,,2024-09-01,ABS
980,3,2024,51781,,2024-09-01,MBS
981,3,2024,166156,GD,2024-09-01,TBA
982,3,2024,22241,NGD,2024-09-01,TBA
983,3,2024,23461,,2024-09-01,ABS
984,2,2024,48219,,2024-09-01,MBS
985,2,2024,153343,GD,2024-09-01,TBA
986,2,2024,25885,NGD,2024-09-01,TBA
987,2,2024,27764,,2024-09-01,ABS
988,1,2024,47248,,2024-09-01,MBS
989,1,2024,179598,GD,2024-09-01,TBA
990,1,2024,29504,NGD,2024-09-01,TBA
991,1,2024,29438,,2024-09-01,ABS
992,12,2023,46683,,2024-09-01,MBS
993,12,2023,159132,GD,2024-09-01,TBA
994,12,2023,31944,NGD,2024-09-01,TBA
995,12,2023,23730,,2024-09-01,ABS
996,11,2023,47802,,2024-09-01,MBS
997,11,2023,158101,GD,2024-09-01,TBA
998,11,2023,31290,NGD,2024-09-01,TBA
999,11,2023,26769,,2024-09-01,ABS
1000,10,2023,52556,,2024-09-01,MBS
1001,10,2023,161690,GD,2024-09-01,TBA
1002,10,2023,57401,NGD,2024-09-01,TBA
1003,10,2023,24639,,2024-09-01,ABS
1004,9,2023,48449,,2024-09-01,MBS
1005,9,2023,160807,GD,2024-09-01,TBA
1006,9,2023,28095,NGD,2024-09-01,TBA
1007,9,2023,28515,,2024-09-01,ABS
1008,9,2024,53065,,2024-10-01,MBS
1009,9,2024,162140,GD,2024-10-01,TBA
1010,9,2024,31755,NGD,2024-10-01,TBA
1011,9,2024,22126,,2024-10-01,ABS
1012,8,2024,55949,,2024-10-01,MBS
1013,8,2024,178966,GD,2024-10-01,TBA
1014,8,2024,30623,NGD,2024-10-01,TBA
1015,8,2024,32610,,2024-10-01,ABS
1016,7,2024,48600,,2024-10-01,MBS
1017,7,2024,171460,GD,2024-10-01,TBA
1018,7,2024,26567,NGD,2024-10-01,TBA
1019,7,2024,24221,,2024-10-01,ABS
1020,6,2024,46746,,2024-10-01,MBS
1021,6,2024,166446,GD,2024-10-01,TBA
1022,6,2024,25341,NGD,2024-10-01,TBA
1023,6,2024,20735,,2024-10-01,ABS
1024,5,2024,60190,,2024-10-01,MBS
1025,5,2024,162482,GD,2024-10-01,TBA
1026,5,2024,33963,NGD,2024-10-01,TBA
1027,5,2024,20826,,2024-10-01,ABS
1028,4,2024,49571,,2024-10-01,MBS
1029,4,2024,164643,GD,2024-10-01,TBA
1030,4,2024,26788,NGD,2024-10-01,TBA
1031,4,2024,25076,,2024-10-01,ABS
1032,3,2024,51781,,2024-10-01,MBS
1033,3,2024,166156,GD,2024-10-01,TBA
1034,3,2024,22241,NGD,2024-10-01,TBA
1035,3,2024,23442,,2024-10-01,ABS
1036,2,2024,48219,,2024-10-01,MBS
1037,2,2024,153343,GD,2024-10-01,TBA
1038,2,2024,25882,NGD,2024-10-01,TBA
1039,2,2024,27764,,2024-10-01,ABS
1040,1,2024,47248,,2024-10-01,MBS
1041,1,2024,179598,GD,2024-10-01,TBA
1042,1,2024,29504,NGD,2024-10-01,TBA
1043,1,2024,29438,,2024-10-01,ABS
1044,12,2023,46683,,2024-10-01,MBS
1045,12,2023,159132,GD,2024-10-01,TBA
1046,12,2023,31944,NGD,2024-10-01,TBA
1047,12,2023,23730,,2024-10-01,ABS
1048,11,2023,47802,,2024-10-01,MBS
1049,11,2023,158101,GD,2024-10-01,TBA
1050,11,2023,31290,NGD,2024-10-01,TBA
1051,11,2023,26769,,2024-10-01,ABS
1052,10,2023,52556,,2024-10-01,MBS
1053,10,2023,161690,GD,2024-10-01,TBA
1054,10,2023,57401,NGD,2024-10-01,TBA
1055,10,2023,24639,,2024-10-01,ABS
1056,10,2024,51052,,2024-11-01,MBS
1057,10,2024,169672,GD,2024-11-01,TBA
1058,10,2024,30073,NGD,2024-11-01,TBA
1059,10,2024,23483,,2024-11-01,ABS
1060,9,2024,53061,,2024-11-01,MBS
1061,9,2024,162460,GD,2024-11-01,TBA
1062,9,2024,32619,NGD,2024-11-01,TBA
1063,9,2024,22126,,2024-11-01,ABS
1064,8,2024,55949,,2024-11-01,MBS
1065,8,2024,178975,GD,2024-11-01,TBA
1066,8,2024,30781,NGD,2024-11-01,TBA
1067,8,2024,32610,,2024-11-01,ABS
1068,7,2024,48600,,2024-11-01,MBS
1069,7,2024,171460,GD,2024-11-01,TBA
1070,7,2024,26570,NGD,2024-11-01,TBA
1071,7,2024,24221,,2024-11-01,ABS
1072,6,2024,46753,,2024-11-01,MBS
1073,6,2024,166446,GD,2024-11-01,TBA
1074,6,2024,25341,NGD,2024-11-01,TBA
1075,6,2024,20735,,2024-11-01,ABS
1076,5,2024,60190,,2024-11-01,MBS
1077,5,2024,162482,GD,2024-11-01,TBA
1078,5,2024,33963,NGD,2024-11-01,TBA
1079,5,2024,20826,,2024-11-01,ABS
1080,4,2024,49571,,2024-11-01,MBS
1081,4,2024,164643,GD,2024-11-01,TBA
1082,4,2024,26788,NGD,2024-11-01,TBA
1083,4,2024,25076,,2024-11-01,ABS
1084,3,2024,51781,,2024-11-01,MBS
1085,3,2024,166156,GD,2024-11-01,TBA
1086,3,2024,22241,NGD,2024-11-01,TBA
1087,3,2024,23442,,2024-11-01,ABS
1088,2,2024,48219,,2024-11-01,MBS
1089,2,2024,153343,GD,2024-11-01,TBA
1090,2,2024,25879,NGD,2024-11-01,TBA
1091,2,2024,27764,,2024-11-01,ABS
1092,1,2024,47248,,2024-11-01,MBS
1093,1,2024,179598,GD,2024-11-01,TBA
1094,1,2024,29504,NGD,2024-11-01,TBA
1095,1,2024,29438,,2024-11-01,ABS
1096,12,2023,46683,,2024-11-01,MBS
1097,12,2023,159132,GD,2024-11-01,TBA
1098,12,2023,31944,NGD,2024-11-01,TBA
1099,12,2023,23730,,2024-11-01,ABS
1100,11,2023,47802,,2024-11-01,MBS
1101,11,2023,158101,GD,2024-11-01,TBA
1102,11,2023,31290,NGD,2024-11-01,TBA
1103,11,2023,26769,,2024-11-01,ABS
1104,11,2024,50264,,2024-12-01,MBS
1105,11,2024,165270,GD,2024-12-01,TBA
1106,11,2024,33244,NGD,2024-12-01,TBA
1107,11,2024,27275,,2024-12-01,ABS
1108,10,2024,51162,,2024-12-01,MBS
1109,10,2024,169688,GD,2024-12-01,TBA
1110,10,2024,30118,NGD,2024-12-01,TBA
1111,10,2024,23464,,2024-12-01,ABS
1112,9,2024,53061,,2024-12-01,MBS
1113,9,2024,162467,GD,2024-12-01,TBA
1114,9,2024,32429,NGD,2024-12-01,TBA
1115,9,2024,22126,,2024-12-01,ABS
1116,8,2024,55949,,2024-12-01,MBS
1117,8,2024,178975,GD,2024-12-01,TBA
1118,8,2024,30781,NGD,2024-12-01,TBA
1119,8,2024,32610,,2024-12-01,ABS
1120,7,2024,48600,,2024-12-01,MBS
1121,7,2024,171460,GD,2024-12-01,TBA
1122,7,2024,26570,NGD,2024-12-01,TBA
1123,7,2024,24221,,2024-12-01,ABS
1124,6,2024,46753,,2024-12-01,MBS
1125,6,2024,166446,GD,2024-12-01,TBA
1126,6,2024,25341,NGD,2024-12-01,TBA
1127,6,2024,20735,,2024-12-01,ABS
1128,5,2024,60190,,2024-12-01,MBS
1129,5,2024,162482,GD,2024-12-01,TBA
1130,5,2024,33963,NGD,2024-12-01,TBA
1131,5,2024,20826,,2024-12-01,ABS
1132,4,2024,49571,,2024-12-01,MBS
1133,4,2024,164643,GD,2024-12-01,TBA
1134,4,2024,26788,NGD,2024-12-01,TBA
1135,4,2024,25076,,2024-12-01,ABS
1136,3,2024,51781,,2024-12-01,MBS
1137,3,2024,166156,GD,2024-12-01,TBA
1138,3,2024,22241,NGD,2024-12-01,TBA
1139,3,2024,23442,,2024-12-01,ABS
1140,2,2024,48219,,2024-12-01,MBS
1141,2,2024,153343,GD,2024-12-01,TBA
1142,2,2024,25875,NGD,2024-12-01,TBA
1143,2,2024,27764,,2024-12-01,ABS
1144,1,2024,47248,,2024-12-01,MBS
1145,1,2024,179598,GD,2024-12-01,TBA
1146,1,2024,29504,NGD,2024-12-01,TBA
1147,1,2024,29438,,2024-12-01,ABS
1148,12,2023,46683,,2024-12-01,MBS
1149,12,2023,159132,GD,2024-12-01,TBA
1150,12,2023,31944,NGD,2024-12-01,TBA
1151,12,2023,23730,,2024-12-01,ABS
1152,12,2024,49314,,2025-01-01,MBS
1153,12,2024,168716,GD,2025-01-01,TBA
1154,12,2024,32041,NGD,2025-01-01,TBA
1155,12,2024,25847,,2025-01-01,ABS
1156,11,2024,50264,,2025-01-01,MBS
1157,11,2024,165262,GD,2025-01-01,TBA
1158,11,2024,33140,NGD,2025-01-01,TBA
1159,11,2024,27275,,2025-01-01,ABS
1160,10,2024,51162,,2025-01-01,MBS
1161,10,2024,169693,GD,2025-01-01,TBA
1162,10,2024,30053,NGD,2025-01-01,TBA
1163,10,2024,23464,,2025-01-01,ABS
1164,9,2024,53061,,2025-01-01,MBS
1165,9,2024,162467,GD,2025-01-01,TBA
1166,9,2024,32479,NGD,2025-01-01,TBA
1167,9,2024,22126,,2025-01-01,ABS
1168,8,2024,55949,,2025-01-01,MBS
1169,8,2024,178975,GD,2025-01-01,TBA
1170,8,2024,30781,NGD,2025-01-01,TBA
1171,8,2024,32610,,2025-01-01,ABS
1172,7,2024,48600,,2025-01-01,MBS
1173,7,2024,171460,GD,2025-01-01,TBA
1174,7,2024,26570,NGD,2025-01-01,TBA
1175,7,2024,24221,,2025-01-01,ABS
1176,6,2024,46753,,2025-01-01,MBS
1177,6,2024,166446,GD,2025-01-01,TBA
1178,6,2024,25341,NGD,2025-01-01,TBA
1179,6,2024,20735,,2025-01-01,ABS
1180,5,2024,60190,,2025-01-01,MBS
1181,5,2024,162482,GD,2025-01-01,TBA
1182,5,2024,33963,NGD,2025-01-01,TBA
1183,5,2024,20826,,2025-01-01,ABS
1184,4,2024,49571,,2025-01-01,MBS
1185,4,2024,164643,GD,2025-01-01,TBA
1186,4,2024,26788,NGD,2025-01-01,TBA
1187,4,2024,25076,,2025-01-01,ABS
1188,3,2024,51781,,2025-01-01,MBS
1189,3,2024,166156,GD,2025-01-01,TBA
1190,3,2024,22241,NGD,2025-01-01,TBA
1191,3,2024,23442,,2025-01-01,ABS
1192,2,2024,48219,,2025-01-01,MBS
1193,2,2024,153343,GD,2025-01-01,TBA
1194,2,2024,25863,NGD,2025-01-01,TBA
1195,2,2024,27764,,2025-01-01,ABS
1196,1,2024,47248,,2025-01-01,MBS
1197,1,2024,179598,GD,2025-01-01,TBA
1198,1,2024,29504,NGD,2025-01-01,TBA
1199,1,2024,29438,,2025-01-01,ABS
1200,1,2025,52892,,2025-02-01,MBS
1201,1,2025,178129,GD,2025-02-01,TBA
1202,1,2025,29226,NGD,2025-02-01,TBA
1203,1,2025,32829,,2025-02-01,ABS
1204,12,2024,49310,,2025-02-01,MBS
1205,12,2024,168697,GD,2025-02-01,TBA
1206,12,2024,32285,NGD,2025-02-01,TBA
1207,12,2024,25847,,2025-02-01,ABS
1208,11,2024,50264,,2025-02-01,MBS
1209,11,2024,165262,GD,2025-02-01,TBA
1210,11,2024,33208,NGD,2025-02-01,TBA
1211,11,2024,27275,,2025-02-01,ABS
1212,10,2024,51162,,2025-02-01,MBS
1213,10,2024,169693,GD,2025-02-01,TBA
1214,10,2024,30117,NGD,2025-02-01,TBA
1215,10,2024,23464,,2025-02-01,ABS
1216,9,2024,53061,,2025-02-01,MBS
1217,9,2024,162467,GD,2025-02-01,TBA
1218,9,2024,32410,NGD,2025-02-01,TBA
1219,9,2024,22126,,2025-02-01,ABS
1220,8,2024,55949,,2025-02-01,MBS
1221,8,2024,178975,GD,2025-02-01,TBA
1222,8,2024,30781,NGD,2025-02-01,TBA
1223,8,2024,32610,,2025-02-01,ABS
1224,7,2024,48600,,2025-02-01,MBS
1225,7,2024,171460,GD,2025-02-01,TBA
1226,7,2024,26570,NGD,2025-02-01,TBA
1227,7,2024,24221,,2025-02-01,ABS
1228,6,2024,46753,,2025-02-01,MBS
1229,6,2024,166446,GD,2025-02-01,TBA
1230,6,2024,25341,NGD,2025-02-01,TBA
1231,6,2024,20735,,2025-02-01,ABS
1232,5,2024,60190,,2025-02-01,MBS
1233,5,2024,162482,GD,2025-02-01,TBA
1234,5,2024,33963,NGD,2025-02-01,TBA
1235,5,2024,20826,,2025-02-01,ABS
1236,4,2024,49571,,2025-02-01,MBS
1237,4,2024,164643,GD,2025-02-01,TBA
1238,4,2024,26788,NGD,2025-02-01,TBA
1239,4,2024,25076,,2025-02-01,ABS
1240,3,2024,51781,,2025-02-01,MBS
1241,3,2024,166156,GD,2025-02-01,TBA
1242,3,2024,22241,NGD,2025-02-01,TBA
1243,3,2024,23442,,2025-02-01,ABS
1244,2,2024,48219,,2025-02-01,MBS
1245,2,2024,153343,GD,2025-02-01,TBA
1246,2,2024,25859,NGD,2025-02-01,TBA
1247,2,2024,27764,,2025-02-01,ABS
1248,2,2025,61853,,2025-03-01,MBS
1249,2,2025,161520,GD,2025-03-01,TBA
1250,2,2025,24320,NGD,2025-03-01,TBA
1251,2,2025,21251,,2025-03-01,ABS
1252,1,2025,52893,,2025-03-01,MBS
1253,1,2025,178117,GD,2025-03-01,TBA
1254,1,2025,29813,NGD,2025-03-01,TBA
1255,1,2025,32829,,2025-03-01,ABS
1256,12,2024,49310,,2025-03-01,MBS
1257,12,2024,168697,GD,2025-03-01,TBA
1258,12,2024,32428,NGD,2025-03-01,TBA
1259,12,2024,25847,,2025-03-01,ABS
1260,11,2024,50264,,2025-03-01,MBS
1261,11,2024,165262,GD,2025-03-01,TBA
1262,11,2024,33329,NGD,2025-03-01,TBA
1263,11,2024,27275,,2025-03-01,ABS
1264,10,2024,51162,,2025-03-01,MBS
1265,10,2024,169693,GD,2025-03-01,TBA
1266,10,2024,30117,NGD,2025-03-01,TBA
1267,10,2024,23464,,2025-03-01,ABS
1268,9,2024,53061,,2025-03-01,MBS
1269,9,2024,162467,GD,2025-03-01,TBA
1270,9,2024,32410,NGD,2025-03-01,TBA
1271,9,2024,22126,,2025-03-01,ABS
1272,8,2024,55949,,2025-03-01,MBS
1273,8,2024,178975,GD,2025-03-01,TBA
1274,8,2024,30781,NGD,2025-03-01,TBA
1275,8,2024,32610,,2025-03-01,ABS
1276,7,2024,48600,,2025-03-01,MBS
1277,7,2024,171460,GD,2025-03-01,TBA
1278,7,2024,26570,NGD,2025-03-01,TBA
1279,7,2024,24221,,2025-03-01,ABS
1280,6,2024,46753,,2025-03-01,MBS
1281,6,2024,166446,GD,2025-03-01,TBA
1282,6,2024,25341,NGD,2025-03-01,TBA
1283,6,2024,20735,,2025-03-01,ABS
1284,5,2024,60190,,2025-03-01,MBS
1285,5,2024,162482,GD,2025-03-01,TBA
1286,5,2024,33963,NGD,2025-03-01,TBA
1287,5,2024,20826,,2025-03-01,ABS
1288,4,2024,49571,,2025-03-01,MBS
1289,4,2024,164643,GD,2025-03-01,TBA
1290,4,2024,26788,NGD,2025-03-01,TBA
1291,4,2024,25076,,2025-03-01,ABS
1292,3,2024,51781,,2025-03-01,MBS
1293,3,2024,166156,GD,2025-03-01,TBA
1294,3,2024,22241,NGD,2025-03-01,TBA
1295,3,2024,23442,,2025-03-01,ABS
1296,3,2025,48388,,2025-04-01,MBS
1297,3,2025,169452,GD,2025-04-01,TBA
1298,3,2025,26501,NGD,2025-04-01,TBA
1299,3,2025,25286,,2025-04-01,ABS
1300,2,2025,61860,,2025-04-01,MBS
1301,2,2025,161533,GD,2025-04-01,TBA
1302,2,2025,24421,NGD,2025-04-01,TBA
1303,2,2025,21251,,2025-04-01,ABS
1304,1,2025,52893,,2025-04-01,MBS
1305,1,2025,178120,GD,2025-04-01,TBA
1306,1,2025,29962,NGD,2025-04-01,TBA
1307,1,2025,32829,,2025-04-01,ABS
1308,12,2024,49310,,2025-04-01,MBS
1309,12,2024,168676,GD,2025-04-01,TBA
1310,12,2024,32557,NGD,2025-04-01,TBA
1311,12,2024,25847,,2025-04-01,ABS
1312,11,2024,50264,,2025-04-01,MBS
1313,11,2024,165262,GD,2025-04-01,TBA
1314,11,2024,33329,NGD,2025-04-01,TBA
1315,11,2024,27275,,2025-04-01,ABS
1316,10,2024,51162,,2025-04-01,MBS
1317,10,2024,169693,GD,2025-04-01,TBA
1318,10,2024,30117,NGD,2025-04-01,TBA
1319,10,2024,23464,,2025-04-01,ABS
1320,9,2024,53061,,2025-04-01,MBS
1321,9,2024,162467,GD,2025-04-01,TBA
1322,9,2024,32410,NGD,2025-04-01,TBA
1323,9,2024,22148,,2025-04-01,ABS
1324,8,2024,55949,,2025-04-01,MBS
1325,8,2024,178975,GD,2025-04-01,TBA
1326,8,2024,30781,NGD,2025-04-01,TBA
1327,8,2024,32610,,2025-04-01,ABS
1328,7,2024,48600,,2025-04-01,MBS
1329,7,2024,171460,GD,2025-04-01,TBA
1330,7,2024,26570,NGD,2025-04-01,TBA
1331,7,2024,24221,,2025-04-01,ABS
1332,6,2024,46753,,2025-04-01,MBS
1333,6,2024,166446,GD,2025-04-01,TBA
1334,6,2024,25341,NGD,2025-04-01,TBA
1335,6,2024,20735,,2025-04-01,ABS
1336,5,2024,60190,,2025-04-01,MBS
1337,5,2024,162482,GD,2025-04-01,TBA
1338,5,2024,33963,NGD,2025-04-01,TBA
1339,5,2024,20826,,2025-04-01,ABS
1340,4,2024,49571,,2025-04-01,MBS
1341,4,2024,164643,GD,2025-04-01,TBA
1342,4,2024,26788,NGD,2025-04-01,TBA
1343,4,2024,25076,,2025-04-01,ABS
1344,4,2025,49564,,2025-05-01,MBS
1345,4,2025,157017,GD,2025-05-01,TBA
1346,4,2025,27812,NGD,2025-05-01,TBA
1347,4,2025,24055,,2025-05-01,ABS
1348,3,2025,48288,,2025-05-01,MBS
1349,3,2025,169500,GD,2025-05-01,TBA
1350,3,2025,26626,NGD,2025-05-01,TBA
1351,3,2025,25286,,2025-05-01,ABS
1352,2,2025,61860,,2025-05-01,MBS
1353,2,2025,161541,GD,2025-05-01,TBA
1354,2,2025,24509,NGD,2025-05-01,TBA
1355,2,2025,21251,,2025-05-01,ABS
1356,1,2025,52893,,2025-05-01,MBS
1357,1,2025,178120,GD,2025-05-01,TBA
1358,1,2025,29836,NGD,2025-05-01,TBA
1359,1,2025,32829,,2025-05-01,ABS
1360,12,2024,49310,,2025-05-01,MBS
1361,12,2024,168676,GD,2025-05-01,TBA
1362,12,2024,32557,NGD,2025-05-01,TBA
1363,12,2024,25847,,2025-05-01,ABS
1364,11,2024,50264,,2025-05-01,MBS
1365,11,2024,165262,GD,2025-05-01,TBA
1366,11,2024,33329,NGD,2025-05-01,TBA
1367,11,2024,27275,,2025-05-01,ABS
1368,10,2024,51162,,2025-05-01,MBS
1369,10,2024,169693,GD,2025-05-01,TBA
1370,10,2024,30117,NGD,2025-05-01,TBA
1371,10,2024,23464,,2025-05-01,ABS
1372,9,2024,53061,,2025-05-01,MBS
1373,9,2024,162467,GD,2025-05-01,TBA
1374,9,2024,32410,NGD,2025-05-01,TBA
1375,9,2024,22148,,2025-05-01,ABS
1376,8,2024,55949,,2025-05-01,MBS
1377,8,2024,178975,GD,2025-05-01,TBA
1378,8,2024,30781,NGD,2025-05-01,TBA
1379,8,2024,32610,,2025-05-01,ABS
1380,7,2024,48600,,2025-05-01,MBS
1381,7,2024,171460,GD,2025-05-01,TBA
1382,7,2024,26570,NGD,2025-05-01,TBA
1383,7,2024,24221,,2025-05-01,ABS
1384,6,2024,46753,,2025-05-01,MBS
1385,6,2024,166446,GD,2025-05-01,TBA
1386,6,2024,25341,NGD,2025-05-01,TBA
1387,6,2024,20735,,2025-05-01,ABS
1388,5,2024,60190,,2025-05-01,MBS
1389,5,2024,162482,GD,2025-05-01,TBA
1390,5,2024,33963,NGD,2025-05-01,TBA
1391,5,2024,20826,,2025-05-01,ABS
1392,5,2025,49394,,2025-06-01,MBS
1393,5,2025,170030,GD,2025-06-01,TBA
1394,5,2025,31182,NGD,2025-06-01,TBA
1395,5,2025,26515,,2025-06-01,ABS
1396,4,2025,49553,,2025-06-01,MBS
1397,4,2025,157044,GD,2025-06-01,TBA
1398,4,2025,27827,NGD,2025-06-01,TBA
1399,4,2025,24055,,2025-06-01,ABS
1400,3,2025,48288,,2025-06-01,MBS
1401,3,2025,169500,GD,2025-06-01,TBA
1402,3,2025,26368,NGD,2025-06-01,TBA
1403,3,2025,25286,,2025-06-01,ABS
1404,2,2025,61860,,2025-06-01,MBS
1405,2,2025,161541,GD,2025-06-01,TBA
1406,2,2025,24509,NGD,2025-06-01,TBA
1407,2,2025,21251,,2025-06-01,ABS
1408,1,2025,52893,,2025-06-01,MBS
1409,1,2025,178120,GD,2025-06-01,TBA
1410,1,2025,29836,NGD,2025-06-01,TBA
1411,1,2025,32829,,2025-06-01,ABS
1412,12,2024,49310,,2025-06-01,MBS
1413,12,2024,168676,GD,2025-06-01,TBA
1414,12,2024,32557,NGD,2025-06-01,TBA
1415,12,2024,25847,,2025-06-01,ABS
1416,11,2024,50264,,2025-06-01,MBS
1417,11,2024,165262,GD,2025-06-01,TBA
1418,11,2024,33329,NGD,2025-06-01,TBA
1419,11,2024,27275,,2025-06-01,ABS
1420,10,2024,51162,,2025-06-01,MBS
1421,10,2024,169693,GD,2025-06-01,TBA
1422,10,2024,30117,NGD,2025-06-01,TBA
1423,10,2024,23464,,2025-06-01,ABS
1424,9,2024,53061,,2025-06-01,MBS
1425,9,2024,162467,GD,2025-06-01,TBA
1426,9,2024,32410,NGD,2025-06-01,TBA
1427,9,2024,22148,,2025-06-01,ABS
1428,8,2024,55949,,2025-06-01,MBS
1429,8,2024,178975,GD,2025-06-01,TBA
1430,8,2024,30781,NGD,2025-06-01,TBA
1431,8,2024,32610,,2025-06-01,ABS
1432,7,2024,48600,,2025-06-01,MBS
1433,7,2024,171460,GD,2025-06-01,TBA
1434,7,2024,26570,NGD,2025-06-01,TBA
1435,7,2024,24221,,2025-06-01,ABS
1436,6,2024,46753,,2025-06-01,MBS
1437,6,2024,166446,GD,2025-06-01,TBA
1438,6,2024,25341,NGD,2025-06-01,TBA
1439,6,2024,20735,,2025-06-01,ABS
1440,6,2025,48552,,2025-07-01,MBS
1441,6,2025,171555,GD,2025-07-01,TBA
1442,6,2025,30222,NGD,2025-07-01,TBA
1443,6,2025,20776,,2025-07-01,ABS
1444,5,2025,49405,,2025-07-01,MBS
1445,5,2025,170025,GD,2025-07-01,TBA
1446,5,2025,28019,NGD,2025-07-01,TBA
1447,5,2025,26515,,2025-07-01,ABS
1448,4,2025,49553,,2025-07-01,MBS
1449,4,2025,157049,GD,2025-07-01,TBA
1450,4,2025,28155,NGD,2025-07-01,TBA
1451,4,2025,24055,,2025-07-01,ABS
1452,3,2025,48288,,2025-07-01,MBS
1453,3,2025,169500,GD,2025-07-01,TBA
1454,3,2025,26275,NGD,2025-07-01,TBA
1455,3,2025,25286,,2025-07-01,ABS
1456,2,2025,61860,,2025-07-01,MBS
1457,2,2025,161541,GD,2025-07-01,TBA
1458,2,2025,24509,NGD,2025-07-01,TBA
1459,2,2025,21251,,2025-07-01,ABS
1460,1,2025,52893,,2025-07-01,MBS
1461,1,2025,178120,GD,2025-07-01,TBA
1462,1,2025,29836,NGD,2025-07-01,TBA
1463,1,2025,32829,,2025-07-01,ABS
1464,12,2024,49310,,2025-07-01,MBS
1465,12,2024,168676,GD,2025-07-01,TBA
1466,12,2024,32557,NGD,2025-07-01,TBA
1467,12,2024,25847,,2025-07-01,ABS
1468,11,2024,50264,,2025-07-01,MBS
1469,11,2024,165262,GD,2025-07-01,TBA
1470,11,2024,33329,NGD,2025-07-01,TBA
1471,11,2024,27275,,2025-07-01,ABS
1472,10,2024,51162,,2025-07-01,MBS
1473,10,2024,169693,GD,2025-07-01,TBA
1474,10,2024,30117,NGD,2025-07-01,TBA
1475,10,2024,23464,,2025-07-01,ABS
1476,9,2024,53061,,2025-07-01,MBS
1477,9,2024,162467,GD,2025-07-01,TBA
1478,9,2024,32410,NGD,2025-07-01,TBA
1479,9,2024,22148,,2025-07-01,ABS
1480,8,2024,55949,,2025-07-01,MBS
1481,8,2024,178975,GD,2025-07-01,TBA
1482,8,2024,30781,NGD,2025-07-01,TBA
1483,8,2024,32610,,2025-07-01,ABS
1484,7,2024,48600,,2025-07-01,MBS
1485,7,2024,171460,GD,2025-07-01,TBA
1486,7,2024,26570,NGD,2025-07-01,TBA
1487,7,2024,24221,,2025-07-01,ABS
1488,7,2025,48938,,2025-08-01,MBS
1489,7,2025,172006,GD,2025-08-01,TBA
1490,7,2025,32595,NGD,2025-08-01,TBA
1491,7,2025,23038,,2025-08-01,ABS
1492,6,2025,48568,,2025-08-01,MBS
1493,6,2025,171819,GD,2025-08-01,TBA
1494,6,2025,30362,NGD,2025-08-01,TBA
1495,6,2025,20776,,2025-08-01,ABS
1496,5,2025,49405,,2025-08-01,MBS
1497,5,2025,170050,GD,2025-08-01,TBA
1498,5,2025,27673,NGD,2025-08-01,TBA
1499,5,2025,26515,,2025-08-01,ABS
1500,4,2025,49553,,2025-08-01,MBS
1501,4,2025,157049,GD,2025-08-01,TBA
1502,4,2025,28121,NGD,2025-08-01,TBA
1503,4,2025,24055,,2025-08-01,ABS
1504,3,2025,48288,,2025-08-01,MBS
1505,3,2025,169500,GD,2025-08-01,TBA
1506,3,2025,26275,NGD,2025-08-01,TBA
1507,3,2025,25286,,2025-08-01,ABS
1508,2,2025,61860,,2025-08-01,MBS
1509,2,2025,161541,GD,2025-08-01,TBA
1510,2,2025,24509,NGD,2025-08-01,TBA
1511,2,2025,21251,,2025-08-01,ABS
1512,1,2025,52893,,2025-08-01,MBS
1513,1,2025,178120,GD,2025-08-01,TBA
1514,1,2025,29836,NGD,2025-08-01,TBA
1515,1,2025,32829,,2025-08-01,ABS
1516,12,2024,49310,,2025-08-01,MBS
1517,12,2024,168676,GD,2025-08-01,TBA
1518,12,2024,32557,NGD,2025-08-01,TBA
1519,12,2024,25847,,2025-08-01,ABS
1520,11,2024,50264,,2025-08-01,MBS
1521,11,2024,165262,GD,2025-08-01,TBA
1522,11,2024,33329,NGD,2025-08-01,TBA
1523,11,2024,27275,,2025-08-01,ABS
1524,10,2024,51162,,2025-08-01,MBS
1525,10,2024,169693,GD,2025-08-01,TBA
1526,10,2024,30117,NGD,2025-08-01,TBA
1527,10,2024,23464,,2025-08-01,ABS
1528,9,2024,53061,,2025-08-01,MBS
1529,9,2024,162467,GD,2025-08-01,TBA
1530,9,2024,32410,NGD,2025-08-01,TBA
1531,9,2024,22148,,2025-08-01,ABS
1532,8,2024,55949,,2025-08-01,MBS
1533,8,2024,178975,GD,2025-08-01,TBA
1534,8,2024,30781,NGD,2025-08-01,TBA
1535,8,2024,32610,,2025-08-01,ABS
1536,8,2025,52576,,2025-09-01,MBS
1537,8,2025,167216,GD,2025-09-01,TBA
1538,8,2025,31513,NGD,2025-09-01,TBA
1539,8,2025,25629,,2025-09-01,ABS
1540,7,2025,49171,,2025-09-01,MBS
1541,7,2025,172021,GD,2025-09-01,TBA
1542,7,2025,33014,NGD,2025-09-01,TBA
1543,7,2025,23038,,2025-09-01,ABS
1544,6,2025,48568,,2025-09-01,MBS
1545,6,2025,171854,GD,2025-09-01,TBA
1546,6,2025,30551,NGD,2025-09-01,TBA
1547,6,2025,20776,,2025-09-01,ABS
1548,5,2025,49405,,2025-09-01,MBS
1549,5,2025,170050,GD,2025-09-01,TBA
1550,5,2025,27374,NGD,2025-09-01,TBA
1551,5,2025,26515,,2025-09-01,ABS
1552,4,2025,49553,,2025-09-01,MBS
1553,4,2025,157049,GD,2025-09-01,TBA
1554,4,2025,28121,NGD,2025-09-01,TBA
1555,4,2025,24055,,2025-09-01,ABS
1556,3,2025,48288,,2025-09-01,MBS
1557,3,2025,169500,GD,2025-09-01,TBA
1558,3,2025,26275,NGD,2025-09-01,TBA
1559,3,2025,25286,,2025-09-01,ABS
1560,2,2025,61860,,2025-09-01,MBS
1561,2,2025,161541,GD,2025-09-01,TBA
1562,2,2025,24509,NGD,2025-09-01,TBA
1563,2,2025,21251,,2025-09-01,ABS
1564,1,2025,52893,,2025-09-01,MBS
1565,1,2025,178120,GD,2025-09-01,TBA
1566,1,2025,29836,NGD,2025-09-01,TBA
1567,1,2025,32829,,2025-09-01,ABS
1568,12,2024,49310,,2025-09-01,MBS
1569,12,2024,168676,GD,2025-09-01,TBA
1570,12,2024,32557,NGD,2025-09-01,TBA
1571,12,2024,25847,,2025-09-01,ABS
1572,11,2024,50264,,2025-09-01,MBS
1573,11,2024,165262,GD,2025-09-01,TBA
1574,11,2024,33329,NGD,2025-09-01,TBA
1575,11,2024,27275,,2025-09-01,ABS
1576,10,2024,51162,,2025-09-01,MBS
1577,10,2024,169693,GD,2025-09-01,TBA
1578,10,2024,30117,NGD,2025-09-01,TBA
1579,10,2024,23464,,2025-09-01,ABS
1580,9,2024,53061,,2025-09-01,MBS
1581,9,2024,162467,GD,2025-09-01,TBA
1582,9,2024,32410,NGD,2025-09-01,TBA
1583,9,2024,22148,,2025-09-01,ABS
1584,9,2025,51488,,2025-10-01,MBS
1585,9,2025,177248,GD,2025-10-01,TBA
1586,9,2025,33995,NGD,2025-10-01,TBA
1587,9,2025,24113,,2025-10-01,ABS
1588,8,2025,52591,,2025-10-01,MBS
1589,8,2025,167233,GD,2025-10-01,TBA
1590,8,2025,32831,NGD,2025-10-01,TBA
1591,8,2025,25629,,2025-10-01,ABS
1592,7,2025,49171,,2025-10-01,MBS
1593,7,2025,172046,GD,2025-10-01,TBA
1594,7,2025,33162,NGD,2025-10-01,TBA
1595,7,2025,23038,,2025-10-01,ABS
1596,6,2025,48568,,2025-10-01,MBS
1597,6,2025,171854,GD,2025-10-01,TBA
1598,6,2025,30551,NGD,2025-10-01,TBA
1599,6,2025,20776,,2025-10-01,ABS
1600,5,2025,49405,,2025-10-01,MBS
1601,5,2025,170050,GD,2025-10-01,TBA
1602,5,2025,27374,NGD,2025-10-01,TBA
1603,5,2025,26515,,2025-10-01,ABS
1604,4,2025,49553,,2025-10-01,MBS
1605,4,2025,157049,GD,2025-10-01,TBA
1606,4,2025,28121,NGD,2025-10-01,TBA
1607,4,2025,24055,,2025-10-01,ABS
1608,3,2025,48288,,2025-10-01,MBS
1609,3,2025,169500,GD,2025-10-01,TBA
1610,3,2025,26274,NGD,2025-10-01,TBA
1611,3,2025,25286,,2025-10-01,ABS
1612,2,2025,61860,,2025-10-01,MBS
1613,2,2025,161541,GD,2025-10-01,TBA
1614,2,2025,24509,NGD,2025-10-01,TBA
1615,2,2025,21251,,2025-10-01,ABS
1616,1,2025,52893,,2025-10-01,MBS
1617,1,2025,178120,GD,2025-10-01,TBA
1618,1,2025,29836,NGD,2025-10-01,TBA
1619,1,2025,32829,,2025-10-01,ABS
1620,12,2024,49310,,2025-10-01,MBS
1621,12,2024,168676,GD,2025-10-01,TBA
1622,12,2024,32557,NGD,2025-10-01,TBA
1623,12,2024,25847,,2025-10-01,ABS
1624,11,2024,50264,,2025-10-01,MBS
1625,11,2024,165262,GD,2025-10-01,TBA
1626,11,2024,33329,NGD,2025-10-01,TBA
1627,11,2024,27275,,2025-10-01,ABS
1628,10,2024,51162,,2025-10-01,MBS
1629,10,2024,169693,GD,2025-10-01,TBA
1630,10,2024,30117,NGD,2025-10-01,TBA
1631,10,2024,23464,,2025-10-01,ABS
1632,10,2025,47471,,2025-11-01,MBS
1633,10,2025,175851,GD,2025-11-01,TBA
1634,10,2025,40049,NGD,2025-11-01,TBA
1635,10,2025,21190,,2025-11-01,ABS
1636,9,2025,51519,,2025-11-01,MBS
1637,9,2025,177268,GD,2025-11-01,TBA
1638,9,2025,33844,NGD,2025-11-01,TBA
1639,9,2025,24113,,2025-11-01,ABS
1640,8,2025,52591,,2025-11-01,MBS
1641,8,2025,167237,GD,2025-11-01,TBA
1642,8,2025,33169,NGD,2025-11-01,TBA
1643,8,2025,25629,,2025-11-01,ABS
1644,7,2025,49171,,2025-11-01,MBS
1645,7,2025,172046,GD,2025-11-01,TBA
1646,7,2025,33244,NGD,2025-11-01,TBA
1647,7,2025,23038,,2025-11-01,ABS
1648,6,2025,48568,,2025-11-01,MBS
1649,6,2025,171854,GD,2025-11-01,TBA
1650,6,2025,30551,NGD,2025-11-01,TBA
1651,6,2025,20776,,2025-11-01,ABS
1652,5,2025,49405,,2025-11-01,MBS
1653,5,2025,170050,GD,2025-11-01,TBA
1654,5,2025,27374,NGD,2025-11-01,TBA
1655,5,2025,26515,,2025-11-01,ABS
1656,4,2025,49553,,2025-11-01,MBS
1657,4,2025,157049,GD,2025-11-01,TBA
1658,4,2025,28121,NGD,2025-11-01,TBA
1659,4,2025,24055,,2025-11-01,ABS
1660,3,2025,48288,,2025-11-01,MBS
1661,3,2025,169500,GD,2025-11-01,TBA
1662,3,2025,26273,NGD,2025-11-01,TBA
1663,3,2025,25286,,2025-11-01,ABS
1664,2,2025,61860,,2025-11-01,MBS
1665,2,2025,161541,GD,2025-11-01,TBA
1666,2,2025,24509,NGD,2025-11-01,TBA
1667,2,2025,21251,,2025-11-01,ABS
1668,1,2025,52893,,2025-11-01,MBS
1669,1,2025,178120,GD,2025-11-01,TBA
1670,1,2025,29836,NGD,2025-11-01,TBA
1671,1,2025,32829,,2025-11-01,ABS
1672,12,2024,49310,,2025-11-01,MBS
1673,12,2024,168676,GD,2025-11-01,TBA
1674,12,2024,32557,NGD,2025-11-01,TBA
1675,12,2024,25847,,2025-11-01,ABS
1676,11,2024,50264,,2025-11-01,MBS
1677,11,2024,165262,GD,2025-11-01,TBA
1678,11,2024,33329,NGD,2025-11-01,TBA
1679,11,2024,27275,,2025-11-01,ABS
